week,game_type,gameday,away_team,home_team,away_score,home_score
1,REG,2026-09-09,NE,SEA,,
1,REG,2026-09-10,SF,LA,,
1,REG,2026-09-13,ARI,LAC,,
1,REG,2026-09-13,ATL,PIT,,
1,REG,2026-09-13,BAL,IND,,
1,REG,2026-09-13,BUF,HOU,,
1,REG,2026-09-13,CHI,CAR,,
1,REG,2026-09-13,CLE,JAX,,
1,REG,2026-09-13,DAL,NYG,,
1,REG,2026-09-13,GB,MIN,,
1,REG,2026-09-13,MIA,LV,,
1,REG,2026-09-13,NO,DET,,
1,REG,2026-09-13,NYJ,TEN,,
1,REG,2026-09-13,TB,CIN,,
1,REG,2026-09-13,WAS,PHI,,
1,REG,2026-09-14,DEN,KC,,
2,REG,2026-09-17,DET,BUF,,
2,REG,2026-09-20,CAR,ATL,,
2,REG,2026-09-20,CIN,HOU,,
2,REG,2026-09-20,CLE,TB,,
2,REG,2026-09-20,GB,NYJ,,
2,REG,2026-09-20,IND,KC,,
2,REG,2026-09-20,JAX,DEN,,
2,REG,2026-09-20,LV,LAC,,
2,REG,2026-09-20,MIA,SF,,
2,REG,2026-09-20,MIN,CHI,,
2,REG,2026-09-20,NO,BAL,,
2,REG,2026-09-20,PHI,TEN,,
2,REG,2026-09-20,PIT,NE,,
2,REG,2026-09-20,SEA,ARI,,
2,REG,2026-09-20,WAS,DAL,,
2,REG,2026-09-21,NYG,LA,,
3,REG,2026-09-24,ATL,GB,,
3,REG,2026-09-27,ARI,SF,,
3,REG,2026-09-27,BAL,DAL,,
3,REG,2026-09-27,CAR,CLE,,
3,REG,2026-09-27,CIN,PIT,,
3,REG,2026-09-27,HOU,IND,,
3,REG,2026-09-27,KC,MIA,,
3,REG,2026-09-27,LAC,BUF,,
3,REG,2026-09-27,LA,DEN,,
3,REG,2026-09-27,LV,NO,,
3,REG,2026-09-27,MIN,TB,,
3,REG,2026-09-27,NE,JAX,,
3,REG,2026-09-27,NYJ,DET,,
3,REG,2026-09-27,SEA,WAS,,
3,REG,2026-09-27,TEN,NYG,,
3,REG,2026-09-28,PHI,CHI,,
4,REG,2026-10-01,PIT,CLE,,
4,REG,2026-10-04,ARI,NYG,,
4,REG,2026-10-04,DAL,HOU,,
4,REG,2026-10-04,DEN,SF,,
4,REG,2026-10-04,DET,CAR,,
4,REG,2026-10-04,GB,TB,,
4,REG,2026-10-04,IND,WAS,,
4,REG,2026-10-04,JAX,CIN,,
4,REG,2026-10-04,KC,LV,,
4,REG,2026-10-04,LAC,SEA,,
4,REG,2026-10-04,LA,PHI,,
4,REG,2026-10-04,MIA,MIN,,
4,REG,2026-10-04,NE,BUF,,
4,REG,2026-10-04,NYJ,CHI,,
4,REG,2026-10-04,TEN,BAL,,
4,REG,2026-10-05,ATL,NO,,
5,REG,2026-10-08,TB,DAL,,
5,REG,2026-10-11,BAL,ATL,,
5,REG,2026-10-11,CHI,GB,,
5,REG,2026-10-11,CIN,MIA,,
5,REG,2026-10-11,CLE,NYJ,,
5,REG,2026-10-11,DEN,LAC,,
5,REG,2026-10-11,DET,ARI,,
5,REG,2026-10-11,HOU,TEN,,
5,REG,2026-10-11,IND,PIT,,
5,REG,2026-10-11,LV,NE,,
5,REG,2026-10-11,MIN,NO,,
5,REG,2026-10-11,NYG,WAS,,
5,REG,2026-10-11,PHI,JAX,,
5,REG,2026-10-11,SF,SEA,,
5,REG,2026-10-12,BUF,LA,,
6,REG,2026-10-15,SEA,DEN,,
6,REG,2026-10-18,ARI,LA,,
6,REG,2026-10-18,BAL,CLE,,
6,REG,2026-10-18,BUF,LV,,
6,REG,2026-10-18,CAR,PHI,,
6,REG,2026-10-18,CHI,ATL,,
6,REG,2026-10-18,DAL,GB,,
6,REG,2026-10-18,HOU,JAX,,
6,REG,2026-10-18,LAC,KC,,
6,REG,2026-10-18,NO,NYG,,
6,REG,2026-10-18,NYJ,NE,,
6,REG,2026-10-18,PIT,TB,,
6,REG,2026-10-18,TEN,IND,,
6,REG,2026-10-19,WAS,SF,,
7,REG,2026-10-22,NE,CHI,,
7,REG,2026-10-25,CIN,BAL,,
7,REG,2026-10-25,CLE,TEN,,
7,REG,2026-10-25,DEN,ARI,,
7,REG,2026-10-25,GB,DET,,
7,REG,2026-10-25,IND,MIN,,
7,REG,2026-10-25,KC,SEA,,
7,REG,2026-10-25,LA,LV,,
7,REG,2026-10-25,MIA,NYJ,,
7,REG,2026-10-25,NYG,HOU,,
7,REG,2026-10-25,PIT,NO,,
7,REG,2026-10-25,SF,ATL,,
7,REG,2026-10-25,TB,CAR,,
7,REG,2026-10-26,DAL,PHI,,
8,REG,2026-10-29,CAR,GB,,
8,REG,2026-11-01,ARI,DAL,,
8,REG,2026-11-01,ATL,TB,,
8,REG,2026-11-01,BAL,BUF,,
8,REG,2026-11-01,CLE,PIT,,
8,REG,2026-11-01,IND,JAX,,
8,REG,2026-11-01,KC,DEN,,
8,REG,2026-11-01,LAC,LA,,
8,REG,2026-11-01,LV,NYJ,,
8,REG,2026-11-01,MIN,DET,,
8,REG,2026-11-01,NE,MIA,,
8,REG,2026-11-01,PHI,WAS,,
8,REG,2026-11-01,TEN,CIN,,
8,REG,2026-11-02,CHI,SEA,,
9,REG,2026-11-05,JAX,BAL,,
9,REG,2026-11-08,ARI,SEA,,
9,REG,2026-11-08,CIN,ATL,,
9,REG,2026-11-08,CLE,NO,,
9,REG,2026-11-08,DAL,IND,,
9,REG,2026-11-08,DEN,CAR,,
9,REG,2026-11-08,DET,MIA,,
9,REG,2026-11-08,GB,NE,,
9,REG,2026-11-08,HOU,LAC,,
9,REG,2026-11-08,LA,WAS,,
9,REG,2026-11-08,LV,SF,,
9,REG,2026-11-08,NYG,PHI,,
9,REG,2026-11-08,NYJ,KC,,
9,REG,2026-11-08,TB,CHI,,
9,REG,2026-11-09,BUF,MIN,,
10,REG,2026-11-12,WAS,NYG,,
10,REG,2026-11-15,BUF,NYJ,,
10,REG,2026-11-15,CAR,NO,,
10,REG,2026-11-15,HOU,CLE,,
10,REG,2026-11-15,JAX,TEN,,
10,REG,2026-11-15,KC,ATL,,
10,REG,2026-11-15,LA,ARI,,
10,REG,2026-11-15,MIA,IND,,
10,REG,2026-11-15,MIN,GB,,
10,REG,2026-11-15,NE,DET,,
10,REG,2026-11-15,PIT,CIN,,
10,REG,2026-11-15,SEA,LV,,
10,REG,2026-11-15,SF,DAL,,
10,REG,2026-11-16,LAC,BAL,,
11,REG,2026-11-19,IND,HOU,,
11,REG,2026-11-22,ARI,KC,,
11,REG,2026-11-22,BAL,CAR,,
11,REG,2026-11-22,JAX,NYG,,
11,REG,2026-11-22,LV,DEN,,
11,REG,2026-11-22,MIA,BUF,,
11,REG,2026-11-22,MIN,SF,,
11,REG,2026-11-22,NO,CHI,,
11,REG,2026-11-22,NYJ,LAC,,
11,REG,2026-11-22,PIT,PHI,,
11,REG,2026-11-22,TB,DET,,
11,REG,2026-11-22,TEN,DAL,,
11,REG,2026-11-23,CIN,WAS,,
12,REG,2026-11-25,GB,LA,,
12,REG,2026-11-26,CHI,DET,,
12,REG,2026-11-26,KC,BUF,,
12,REG,2026-11-26,PHI,DAL,,
12,REG,2026-11-27,DEN,PIT,,
12,REG,2026-11-29,ATL,MIN,,
12,REG,2026-11-29,BAL,HOU,,
12,REG,2026-11-29,LV,CLE,,
12,REG,2026-11-29,NE,LAC,,
12,REG,2026-11-29,NO,CIN,,
12,REG,2026-11-29,NYG,IND,,
12,REG,2026-11-29,NYJ,MIA,,
12,REG,2026-11-29,SEA,SF,,
12,REG,2026-11-29,TEN,JAX,,
12,REG,2026-11-29,WAS,ARI,,
12,REG,2026-11-30,CAR,TB,,
13,REG,2026-12-03,KC,LA,,
13,REG,2026-12-06,BUF,NE,,
13,REG,2026-12-06,CAR,MIN,,
13,REG,2026-12-06,CIN,CLE,,
13,REG,2026-12-06,DET,ATL,,
13,REG,2026-12-06,GB,NO,,
13,REG,2026-12-06,HOU,PIT,,
13,REG,2026-12-06,JAX,CHI,,
13,REG,2026-12-06,LAC,TB,,
13,REG,2026-12-06,MIA,DEN,,
13,REG,2026-12-06,PHI,ARI,,
13,REG,2026-12-06,SF,NYG,,
13,REG,2026-12-06,WAS,TEN,,
13,REG,2026-12-07,DAL,SEA,,
14,REG,2026-12-10,MIN,NE,,
14,REG,2026-12-13,ATL,CLE,,
14,REG,2026-12-13,BUF,GB,,
14,REG,2026-12-13,CHI,MIA,,
14,REG,2026-12-13,DEN,NYJ,,
14,REG,2026-12-13,HOU,WAS,,
14,REG,2026-12-13,IND,PHI,,
14,REG,2026-12-13,KC,CIN,,
14,REG,2026-12-13,LAC,LV,,
14,REG,2026-12-13,LA,SF,,
14,REG,2026-12-13,NO,CAR,,
14,REG,2026-12-13,NYG,SEA,,
14,REG,2026-12-13,TB,BAL,,
14,REG,2026-12-13,TEN,DET,,
14,REG,2026-12-14,PIT,JAX,,
15,REG,2026-12-17,SF,LAC,,
15,REG,2026-12-19,CHI,BUF,,
15,REG,2026-12-19,SEA,PHI,,
15,REG,2026-12-20,ATL,WAS,,
15,REG,2026-12-20,BAL,PIT,,
15,REG,2026-12-20,CIN,CAR,,
15,REG,2026-12-20,CLE,NYG,,
15,REG,2026-12-20,DAL,LA,,
15,REG,2026-12-20,DEN,LV,,
15,REG,2026-12-20,DET,MIN,,
15,REG,2026-12-20,IND,TEN,,
15,REG,2026-12-20,JAX,HOU,,
15,REG,2026-12-20,MIA,GB,,
15,REG,2026-12-20,NO,TB,,
15,REG,2026-12-20,NYJ,ARI,,
15,REG,2026-12-21,NE,KC,,
16,REG,2026-12-24,HOU,PHI,,
16,REG,2026-12-25,BUF,DEN,,
16,REG,2026-12-25,GB,CHI,,
16,REG,2026-12-25,LA,SEA,,
16,REG,2026-12-27,ARI,NO,,
16,REG,2026-12-27,CAR,PIT,,
16,REG,2026-12-27,CIN,IND,,
16,REG,2026-12-27,CLE,BAL,,
16,REG,2026-12-27,JAX,DAL,,
16,REG,2026-12-27,LAC,MIA,,
16,REG,2026-12-27,NE,NYJ,,
16,REG,2026-12-27,SF,KC,,
16,REG,2026-12-27,TB,ATL,,
16,REG,2026-12-27,TEN,LV,,
16,REG,2026-12-27,WAS,MIN,,
16,REG,2026-12-28,NYG,DET,,
17,REG,2026-12-31,BAL,CIN,,
17,REG,2027-01-03,BUF,MIA,,
17,REG,2027-01-03,DEN,NE,,
17,REG,2027-01-03,DET,CHI,,
17,REG,2027-01-03,IND,CLE,,
17,REG,2027-01-03,KC,LAC,,
17,REG,2027-01-03,LA,TB,,
17,REG,2027-01-03,LV,ARI,,
17,REG,2027-01-03,MIN,NYJ,,
17,REG,2027-01-03,NO,ATL,,
17,REG,2027-01-03,NYG,DAL,,
17,REG,2027-01-03,PHI,SF,,
17,REG,2027-01-03,PIT,TEN,,
17,REG,2027-01-03,SEA,CAR,,
17,REG,2027-01-03,WAS,JAX,,
17,REG,2027-01-04,HOU,GB,,
18,REG,2027-01-10,ATL,CAR,,
18,REG,2027-01-10,CHI,MIN,,
18,REG,2027-01-10,CLE,CIN,,
18,REG,2027-01-10,DAL,WAS,,
18,REG,2027-01-10,DET,GB,,
18,REG,2027-01-10,JAX,IND,,
18,REG,2027-01-10,LAC,DEN,,
18,REG,2027-01-10,LV,KC,,
18,REG,2027-01-10,MIA,NE,,
18,REG,2027-01-10,NYJ,BUF,,
18,REG,2027-01-10,PHI,NYG,,
18,REG,2027-01-10,PIT,BAL,,
18,REG,2027-01-10,SEA,LA,,
18,REG,2027-01-10,SF,ARI,,
18,REG,2027-01-10,TB,NO,,
18,REG,2027-01-10,TEN,HOU,,
